,Date,Customer Type,Delivery Type,Device Type,Revenue,before vs book,book vs select,select vs order,before vs order
0,2017-09-01,Existing,Store Collection,Desktop ,379289.0,-0.014460285132382893,-0.10270717090307915,-0.02233993551358821,-0.1354378818737271
1,2017-09-01,New,Home Delivery,Desktop ,311501.0,-0.06382022471910112,-0.13394143062890063,-0.028824833702882482,-0.21258426966292135
2,2017-09-01,New,Store Collection,Desktop ,36074.0,-0.018480492813141684,-0.05439330543933055,-0.03761061946902655,-0.10677618069815195
3,2017-09-01,New,Home Delivery,Mobile ,17452.0,-0.13819095477386933,-0.20699708454810495,-0.04044117647058824,-0.3442211055276382
4,2017-09-01,Existing,Store Collection,Mobile ,360265.0,-0.07249466950959488,-0.11347962382445141,-0.04314002828854314,-0.21321961620469082
5,2017-09-01,Existing,Home Delivery,Mobile ,1608022.0,-0.06762295081967214,-0.03436076119002948,-0.04402131675363606,-0.13929428228708515
6,2017-09-01,Existing,Home Delivery,Desktop ,1652713.0,-0.043977333268755754,-0.02948477633112113,-0.05736806389309391,-0.1253935196396571
7,2017-09-01,New,Store Collection,Mobile ,3112.0,-0.11864406779661017,-0.038461538461538464,-0.08,-0.22033898305084745
8,2017-09-02,Existing,Store Collection,Mobile ,350621.0,-0.038630027877339705,-0.15948632974316487,-0.05027106949236077,-0.23257666268418956
9,2017-09-02,Existing,Home Delivery,Desktop ,1711522.0,-0.04812886749828111,-0.038747291301207305,-0.009929687080671998,-0.09409684706806797
10,2017-09-02,Existing,Store Collection,Desktop ,361158.0,-0.06896551724137931,-0.07216931216931217,-0.024406934306569344,-0.15724137931034482
11,2017-09-02,New,Home Delivery,Mobile ,17998.0,-0.08928571428571429,-0.23809523809523808,-0.007352941176470588,-0.3112244897959184
12,2017-09-02,Existing,Home Delivery,Mobile ,1662204.0,-0.03073561544064093,-0.11707243763149985,-0.02530496453900709,-0.16586550133527556
13,2017-09-02,New,Home Delivery,Desktop ,297092.0,-0.010796221322537112,-0.12528422010004547,-0.0501689628281778,-0.17813765182186234
14,2017-09-02,New,Store Collection,Desktop ,35261.0,-0.055327868852459015,-0.008676789587852495,-0.0962800875273523,-0.15368852459016394
15,2017-09-02,New,Store Collection,Mobile ,2950.0,-0.11864406779661017,-0.038461538461538464,-0.1,-0.23728813559322035
16,2017-09-03,Existing,Store Collection,Mobile ,344095.0,-0.10541813898704358,-0.06780776826859776,-0.022128060263653482,-0.1845308205732234
17,2017-09-03,New,Home Delivery,Desktop ,292852.0,-0.03723161260849703,-0.13807829181494663,-0.008808147536471236,-0.17747830059387848
18,2017-09-03,Existing,Home Delivery,Mobile ,1634720.0,-0.008940568475452196,-0.04505397090264379,-0.0078086605143886855,-0.06098191214470284
19,2017-09-03,Existing,Home Delivery,Desktop ,1666715.0,-0.02630671461648357,-0.03996964330887933,-0.023399209486166007,-0.08709788659539879
20,2017-09-03,New,Store Collection,Desktop ,33748.0,-0.024390243902439025,-0.0875,-0.03424657534246575,-0.1402439024390244
21,2017-09-03,New,Store Collection,Mobile ,2976.0,-0.13333333333333333,-0.057692307692307696,-0.04081632653061224,-0.21666666666666667
22,2017-09-03,Existing,Store Collection,Desktop ,376697.0,-0.04850019477989871,-0.08515864892528148,-0.04117252181696129,-0.1653681340085703
23,2017-09-03,New,Home Delivery,Mobile ,17903.0,-0.06459948320413436,-0.23756906077348067,-0.07608695652173914,-0.34108527131782945
24,2017-09-04,Existing,Store Collection,Desktop ,373562.0,-0.04306598182536547,-0.08298926507018993,-0.010355695632597929,-0.13156854998024498
25,2017-09-04,Existing,Home Delivery,Mobile ,1606280.0,-0.0717112247852524,-0.06799750467872738,-0.01249442213297635,-0.1456423125180967
26,2017-09-04,New,Store Collection,Mobile ,2989.0,-0.1206896551724138,-0.058823529411764705,-0.020833333333333332,-0.1896551724137931
27,2017-09-04,New,Store Collection,Desktop ,35003.0,-0.029045643153526972,-0.08974358974358974,-0.03051643192488263,-0.14315352697095435
28,2017-09-04,Existing,Home Delivery,Desktop ,1710571.0,-0.03572132439889633,-0.07046139696489705,-0.0380386983289358,-0.137761135199054
29,2017-09-04,New,Home Delivery,Desktop ,310812.0,-0.04656368927691963,-0.12256398215543556,-0.03371688520203372,-0.19162749048578465
30,2017-09-04,Existing,Store Collection,Mobile ,347254.0,-0.04429503658295432,-0.09724808607490172,-0.06257162502865,-0.19122009096302156
31,2017-09-04,New,Home Delivery,Mobile ,18647.0,-0.07435897435897436,-0.2409972299168975,-0.08394160583941605,-0.3564102564102564
32,2017-09-05,Existing,Store Collection,Mobile ,341851.0,-0.0841436793014487,-0.10487540628385698,-0.009198741224885015,-0.1877356618376662
33,2017-09-05,New,Store Collection,Desktop ,35598.0,-0.060784313725490195,-0.04592901878914405,-0.0262582056892779,-0.12745098039215685
34,2017-09-05,New,Home Delivery,Desktop ,300402.0,-0.020609515457136594,-0.15379449294828745,-0.027513227513227514,-0.19403639552729665
35,2017-09-05,Existing,Store Collection,Desktop ,374268.0,-0.017220421393841168,-0.08018965161822304,-0.028014343343792023,-0.12135332252836305
36,2017-09-05,Existing,Home Delivery,Mobile ,1650728.0,-0.02653467367454202,-0.05110866488441579,-0.03568666445696608,-0.10925141603306629
37,2017-09-05,New,Home Delivery,Mobile ,17938.0,-0.1189873417721519,-0.20977011494252873,-0.06545454545454546,-0.3493670886075949
38,2017-09-05,New,Store Collection,Mobile ,3073.0,-0.14516129032258066,-0.05660377358490566,-0.08,-0.25806451612903225
39,2017-09-05,Existing,Home Delivery,Desktop ,1741320.0,-0.01300455159305757,-0.019713170830588354,-0.09067411083540115,-0.12019206722352824
40,2017-09-06,Existing,Home Delivery,Mobile ,1311503.2,-0.09890216182231465,-0.011968656075568913,-0.015698842957249173,-0.12366397446438071
41,2017-09-06,Existing,Store Collection,Desktop ,362007.0,-0.023784901758014478,-0.06419491525423729,-0.013131084446456871,-0.0984488107549121
42,2017-09-06,Existing,Store Collection,Mobile ,274612.0,-0.038117058946052905,-0.12299696838458207,-0.025925925925925925,-0.1782961882941054
43,2017-09-06,New,Home Delivery,Desktop ,301839.0,-0.09017992629525255,-0.1305694543721706,-0.013154288846259249,-0.21938001300672014
44,2017-09-06,New,Store Collection,Desktop ,34555.0,-0.06521739130434782,-0.03805496828752643,-0.05274725274725275,-0.1482213438735178
45,2017-09-06,New,Store Collection,Mobile ,2162.4,-0.13559322033898305,-0.0392156862745098,-0.08163265306122448,-0.23728813559322035
46,2017-09-06,Existing,Home Delivery,Desktop ,1672010.0,-0.04920999853250502,-0.01219323969748418,-0.086875,-0.14239593014723867
47,2017-09-06,New,Home Delivery,Mobile ,13630.4,-0.14634146341463414,-0.17142857142857143,-0.13793103448275862,-0.3902439024390244
48,2017-09-07,New,Store Collection,Desktop ,35233.0,-0.06868686868686869,-0.08026030368763558,-0.02122641509433962,-0.16161616161616163
49,2017-09-07,Existing,Store Collection,Mobile ,359112.0,-0.05035685963521015,-0.1022964509394572,-0.009767441860465116,-0.15582870737509913
50,2017-09-07,Existing,Home Delivery,Desktop ,1679160.0,-0.038680978628759306,-0.05381752338798913,-0.0070167977886455455,-0.09679914901847017
51,2017-09-07,Existing,Store Collection,Desktop ,362010.0,-0.06374665844129139,-0.011860311882275423,-0.008001778172927318,-0.08225375282747276
52,2017-09-07,New,Home Delivery,Mobile ,18632.0,-0.07969151670951156,-0.21508379888268156,-0.042704626334519574,-0.30848329048843187
53,2017-09-07,Existing,Home Delivery,Mobile ,1554484.0,-0.024332966923153794,-0.06775234290981717,-0.06569984618765107,-0.15019486359548317
54,2017-09-07,New,Store Collection,Mobile ,3112.0,-0.11475409836065574,-0.07407407407407407,-0.08,-0.2459016393442623
55,2017-09-07,New,Home Delivery,Desktop ,299517.0,-0.03688069317929349,-0.12433679354094579,-0.07824025289778715,-0.22261719617862696
56,2017-09-08,Existing,Home Delivery,Desktop ,1691311.0,-0.022564746810977965,-0.06352266548025112,-0.02269847972972973,-0.10543100115964438
57,2017-09-08,Existing,Home Delivery,Mobile ,1536876.0,-0.05000247292150947,-0.09339858392336527,-0.015102790857930402,-0.15173846382115833
58,2017-09-08,Existing,Store Collection,Desktop ,375244.0,-0.01314708299096138,-0.05537052456286428,-0.03635962979286029,-0.10168447000821693
59,2017-09-08,New,Store Collection,Desktop ,35948.0,-0.10211946050096339,-0.027896995708154508,-0.046357615894039736,-0.1676300578034682
60,2017-09-08,Existing,Store Collection,Mobile ,352986.0,-0.011242973141786383,-0.10865445356917246,-0.05457122608079376,-0.16677076826983137
61,2017-09-08,New,Home Delivery,Desktop ,301247.0,-0.025976959566297718,-0.12175324675324675,-0.07050435701082651,-0.20487915066636547
62,2017-09-08,New,Store Collection,Mobile ,2891.0,-0.1935483870967742,-0.02,-0.08163265306122448,-0.27419354838709675
63,2017-09-08,New,Home Delivery,Mobile ,18171.0,-0.1259259259259259,-0.2033898305084746,-0.09574468085106383,-0.37037037037037035
64,2017-09-09,Existing,Store Collection,Mobile ,359325.0,-0.10372129849564529,-0.0719964664310954,-0.014516896715849596,-0.18032462391132226
65,2017-09-09,New,Home Delivery,Desktop ,302349.0,-0.019918515165233137,-0.1300230946882217,-0.023626227767454207,-0.16749660479855139
66,2017-09-09,Existing,Store Collection,Desktop ,358630.0,-0.030731904569348968,-0.049228201919065497,-0.02917946467749013,-0.10533764658309745
67,2017-09-09,New,Store Collection,Desktop ,33648.0,-0.013944223107569721,-0.12121212121212122,-0.034482758620689655,-0.16334661354581673
68,2017-09-09,New,Home Delivery,Mobile ,18224.0,-0.06233766233766234,-0.22437673130193905,-0.04642857142857143,-0.3064935064935065
69,2017-09-09,Existing,Home Delivery,Mobile ,1558109.0,-0.03359577485451611,-0.06289849205545997,-0.05291862411577299,-0.1423052472003521
70,2017-09-09,New,Store Collection,Mobile ,2995.0,-0.16129032258064516,-0.057692307692307696,-0.061224489795918366,-0.25806451612903225
71,2017-09-09,Existing,Home Delivery,Desktop ,1649252.0,-0.02151109392372021,-0.05098310443632052,-0.07381572097865695,-0.13994295934644946
72,2017-09-10,Existing,Home Delivery,Mobile ,1601690.0,-0.027964480204091646,-0.10906980265482259,-0.025606163607523227,-0.15615954471863808
73,2017-09-10,Existing,Store Collection,Mobile ,356755.0,-0.0798625151637687,-0.08503625576796309,-0.013928914505283382,-0.16983420946219166
74,2017-09-10,New,Store Collection,Desktop ,34947.0,-0.10058027079303675,-0.07096774193548387,-0.013888888888888888,-0.1760154738878143
75,2017-09-10,New,Home Delivery,Desktop ,301497.0,-0.010616670431443416,-0.16187214611872147,-0.024244075183873604,-0.19087418116105714
76,2017-09-10,New,Home Delivery,Mobile ,18464.0,-0.09798994974874371,-0.233983286908078,-0.03636363636363636,-0.3341708542713568
77,2017-09-10,Existing,Store Collection,Desktop ,379813.0,-0.03529411764705882,-0.047068891741549,-0.05545577009429726,-0.13168214654282764
78,2017-09-10,Existing,Home Delivery,Desktop ,1686104.0,-0.03611859838274933,-0.019778320113890583,-0.06006535608693397,-0.11193334966919873
79,2017-09-10,New,Store Collection,Mobile ,2989.0,-0.10344827586206896,-0.038461538461538464,-0.08,-0.20689655172413793
80,2017-09-11,Existing,Home Delivery,Mobile ,1573287.0,-0.041927108375805364,-0.10629328515507377,-0.026111859838274933,-0.166121742475238
81,2017-09-11,Existing,Store Collection,Mobile ,349612.0,-0.0800161648817943,-0.07050296507797058,-0.013232514177693762,-0.1561931703374419
82,2017-09-11,New,Home Delivery,Desktop ,310222.0,-0.06631762652705062,-0.11542056074766355,-0.02746962493396725,-0.1967713787085515
83,2017-09-11,New,Home Delivery,Mobile ,17782.0,-0.15288220551378445,-0.17159763313609466,-0.03571428571428571,-0.3233082706766917
84,2017-09-11,New,Store Collection,Desktop ,35426.0,-0.05222437137330754,-0.08979591836734693,-0.03587443946188341,-0.16827852998065765
85,2017-09-11,Existing,Store Collection,Desktop ,355773.0,-0.08309915696507426,-0.020359019264448337,-0.058324022346368715,-0.15415495784825373
86,2017-09-11,New,Store Collection,Mobile ,2906.0,-0.11864406779661017,-0.057692307692307696,-0.061224489795918366,-0.22033898305084745
87,2017-09-11,Existing,Home Delivery,Desktop ,1732054.0,-0.008503315280660019,-0.020470672316095766,-0.06405044819678966,-0.09100571949182568
88,2017-09-12,Existing,Home Delivery,Mobile ,1597619.0,-0.02920884322908798,-0.08626861026093272,-0.008799818326331327,-0.12076345872991892
89,2017-09-12,Existing,Store Collection,Mobile ,347930.0,-0.12490302560124127,-0.056072695035460994,-0.010331063629960084,-0.18250581846392552
90,2017-09-12,New,Store Collection,Desktop ,34160.0,-0.010395010395010396,-0.09873949579831932,-0.006993006993006993,-0.11434511434511435
91,2017-09-12,Existing,Store Collection,Desktop ,367985.0,-0.059356136820925554,-0.0720855614973262,-0.008068234209313048,-0.13420523138833
92,2017-09-12,New,Store Collection,Mobile ,2915.0,-0.1016949152542373,-0.07547169811320754,-0.04081632653061224,-0.2033898305084746
93,2017-09-12,Existing,Home Delivery,Desktop ,1709779.0,-0.05080071604818811,-0.025536469748712983,-0.06025734909509363,-0.13077555759833567
94,2017-09-12,New,Home Delivery,Desktop ,304225.0,-0.025208241999123193,-0.15965819653699123,-0.07010971367407011,-0.23827268741779922
95,2017-09-12,New,Home Delivery,Mobile ,18163.0,-0.12165450121654502,-0.21052631578947367,-0.08771929824561403,-0.36739659367396593
96,2017-09-13,Existing,Home Delivery,Mobile ,1652184.0,-0.031190192934360938,-0.0776828617191671,-0.015918958031837915,-0.12067449438783427
97,2017-09-13,New,Home Delivery,Desktop ,290951.0,-0.07971498552660877,-0.13718848294217276,-0.007291082445316881,-0.21175684702738812
98,2017-09-13,Existing,Store Collection,Desktop ,362014.0,-0.1218195836545875,-0.06453028972783142,-0.008916001877053027,-0.18581341557440248
99,2017-09-13,Existing,Store Collection,Mobile ,354459.0,-0.061249241964827165,-0.0714900947459087,-0.03432282003710575,-0.15827774408732564
100,2017-09-13,Existing,Home Delivery,Desktop ,1719307.0,-0.0390222778232209,-0.050821149609453234,-0.037980693147649944,-0.12250396959053073
101,2017-09-13,New,Home Delivery,Mobile ,18044.0,-0.11224489795918367,-0.21839080459770116,-0.058823529411764705,-0.3469387755102041
102,2017-09-13,New,Store Collection,Mobile ,2994.0,-0.13333333333333333,-0.07692307692307693,-0.0625,-0.25
103,2017-09-13,New,Store Collection,Desktop ,35836.0,-0.006109979633401222,-0.0778688524590164,-0.08222222222222222,-0.15885947046843177
104,2017-09-14,Existing,Store Collection,Desktop ,372953.0,-0.06464896026353717,-0.05348888399735857,-0.009069767441860464,-0.12270949145563105
105,2017-09-14,Existing,Home Delivery,Mobile ,1636097.0,-0.03253106349672243,-0.10588056833695707,-0.013515806141491829,-0.14665883964387047
106,2017-09-14,New,Store Collection,Mobile ,2967.0,-0.1694915254237288,-0.02040816326530612,-0.020833333333333332,-0.2033898305084746
107,2017-09-14,New,Store Collection,Desktop ,33934.0,-0.03441295546558704,-0.06079664570230608,-0.022321428571428572,-0.11336032388663968
108,2017-09-14,New,Home Delivery,Desktop ,291319.0,-0.04168585905112851,-0.09853400624849795,-0.037589976006398296,-0.1685859051128512
109,2017-09-14,Existing,Home Delivery,Desktop ,1743548.0,-0.052364949591212316,-0.01873709839623141,-0.046065052052430014,-0.1129558108040327
110,2017-09-14,Existing,Store Collection,Mobile ,362969.0,-0.048627925746569815,-0.07529162248144221,-0.06995412844036697,-0.1817998385794996
111,2017-09-14,New,Home Delivery,Mobile ,17637.0,-0.08831168831168831,-0.18803418803418803,-0.10175438596491228,-0.33506493506493507
112,2017-09-15,Existing,Home Delivery,Mobile ,1617451.0,-0.060626903802692346,-0.07677824267782427,-0.02294357579877634,-0.1526481281320625
113,2017-09-15,Existing,Store Collection,Mobile ,349933.0,-0.0859253499222395,-0.09059974478945129,-0.018007483629560336,-0.18370917573872472
114,2017-09-15,New,Store Collection,Desktop ,34518.0,-0.05973025048169557,-0.13114754098360656,-0.01650943396226415,-0.19653179190751446
115,2017-09-15,Existing,Home Delivery,Desktop ,1751864.0,-0.03128917172885932,-0.08122231622953267,-0.03228427495801961,-0.13870407868093723
116,2017-09-15,New,Home Delivery,Mobile ,18107.0,-0.16707616707616707,-0.1710914454277286,-0.042704626334519574,-0.33906633906633904
117,2017-09-15,New,Store Collection,Mobile ,3086.0,-0.14516129032258066,-0.05660377358490566,-0.06,-0.24193548387096775
118,2017-09-15,New,Home Delivery,Desktop ,308599.0,-0.0803293279928794,-0.07234454391483185,-0.061815336463223784,-0.19959946595460615
119,2017-09-15,Existing,Store Collection,Desktop ,383745.0,-0.02478134110787172,-0.034806747811232115,-0.07278761061946902,-0.12723865056226571
120,2017-09-16,New,Home Delivery,Desktop ,303433.0,-0.06256836578429227,-0.16826137689614937,-0.10465768799102132,-0.301903303434697
121,2017-09-16,Existing,Home Delivery,Mobile ,1612672.0,-0.055295084344337574,-0.0860066513174725,-0.010467980295566502,-0.14558461017932234
122,2017-09-16,New,Store Collection,Desktop ,34103.0,-0.056910569105691054,-0.08836206896551724,-0.02127659574468085,-0.15853658536585366
123,2017-09-16,Existing,Store Collection,Desktop ,373574.0,-0.08621037754896023,-0.03049049933716306,-0.02780309936189608,-0.1387038158691702
124,2017-09-16,Existing,Home Delivery,Desktop ,1754791.0,-0.019226846185230517,-0.005927928864853622,-0.05832505100172621,-0.08190534475724194
125,2017-09-16,New,Home Delivery,Mobile ,17920.0,-0.12128712871287128,-0.21971830985915494,-0.06498194945848375,-0.3589108910891089
126,2017-09-16,Existing,Store Collection,Mobile ,345381.0,-0.0917941585535466,-0.05206738131699847,-0.08354488806831295,-0.21100735148023048
127,2017-09-16,New,Store Collection,Mobile ,2960.0,-0.13559322033898305,-0.0196078431372549,-0.1,-0.23728813559322035
128,2017-09-17,Existing,Store Collection,Desktop ,379234.0,-0.031564133494169686,-0.11812331326551796,-0.013888888888888888,-0.1578206674708484
129,2017-09-17,Existing,Home Delivery,Desktop ,1636065.0,-0.017205919237521947,-0.0726827276439363,-0.010402906208718626,-0.0981188863807374
130,2017-09-17,New,Home Delivery,Desktop ,303105.0,-0.04387938793879388,-0.12732407625323605,-0.02696871628910464,-0.18811881188118812
131,2017-09-17,Existing,Store Collection,Mobile ,353845.0,-0.08488654781199352,-0.04294885986274076,-0.029377746934998842,-0.14991896272285252
132,2017-09-17,Existing,Home Delivery,Mobile ,1585956.0,-0.04656768222136522,-0.06375771058752149,-0.041691418696333096,-0.14457192441187813
133,2017-09-17,New,Store Collection,Desktop ,35954.0,-0.018145161290322582,-0.06776180698151951,-0.07488986784140969,-0.1532258064516129
134,2017-09-17,New,Store Collection,Mobile ,3027.0,-0.14754098360655737,-0.057692307692307696,-0.08163265306122448,-0.26229508196721313
135,2017-09-17,New,Home Delivery,Mobile ,18641.0,-0.1580246913580247,-0.1495601173020528,-0.11379310344827587,-0.3654320987654321
136,2017-09-18,Existing,Store Collection,Desktop ,367856.0,-0.07558257345491388,-0.06422621657167908,-0.02600140548137737,-0.1574468085106383
137,2017-09-18,Existing,Home Delivery,Mobile ,1601516.0,-0.027978799306900417,-0.09023226550621297,-0.008644536652835409,-0.12333095505045358
138,2017-09-18,Existing,Home Delivery,Desktop ,1672969.0,-0.04974271012006861,-0.08283192940232652,-0.009457686420293024,-0.13669716028206594
139,2017-09-18,New,Store Collection,Desktop ,34120.0,-0.04216867469879518,-0.06918238993710692,-0.02027027027027027,-0.12650602409638553
140,2017-09-18,New,Home Delivery,Desktop ,304530.0,-0.053768084646944506,-0.1816522136010954,-0.022308979364194088,-0.24292809328438783
141,2017-09-18,New,Store Collection,Mobile ,3089.0,-0.13333333333333333,-0.057692307692307696,-0.04081632653061224,-0.21666666666666667
142,2017-09-18,Existing,Store Collection,Mobile ,353856.0,-0.06524766262184205,-0.08193232602681422,-0.07950857672693556,-0.2100656455142232
143,2017-09-18,New,Home Delivery,Mobile ,18711.0,-0.14698795180722893,-0.20056497175141244,-0.11307420494699646,-0.39518072289156625
144,2017-09-19,New,Store Collection,Desktop ,35206.0,-0.02032520325203252,-0.10580912863070539,-0.013921113689095127,-0.13617886178861788
145,2017-09-19,New,Home Delivery,Desktop ,311822.0,-0.02657588403250604,-0.1703519855595668,-0.022572749524068535,-0.21063035361300242
146,2017-09-19,Existing,Home Delivery,Desktop ,1674399.0,-0.08452694144012472,-0.02048853174391996,-0.026839074214929915,-0.12735067718990548
147,2017-09-19,Existing,Store Collection,Desktop ,373425.0,-0.06785567855678556,-0.0635583901473499,-0.027712541099107563,-0.15129151291512916
148,2017-09-19,Existing,Store Collection,Mobile ,341255.0,-0.05130309870716191,-0.06965174129353234,-0.05510346431062543,-0.16601682741637594
149,2017-09-19,Existing,Home Delivery,Mobile ,1539996.0,-0.022877164056059357,-0.03459185825775153,-0.059809919161022504,-0.11309769167353668
150,2017-09-19,New,Store Collection,Mobile ,2963.0,-0.13114754098360656,-0.05660377358490566,-0.08,-0.2459016393442623
151,2017-09-19,New,Home Delivery,Mobile ,17402.0,-0.12944162436548223,-0.16034985422740525,-0.08680555555555555,-0.33248730964467005
152,2017-09-20,Existing,Store Collection,Mobile ,342058.0,-0.06990014265335236,-0.06879929886064855,-0.017411764705882352,-0.14897085795801915
153,2017-09-20,New,Store Collection,Desktop ,33961.0,-0.006172839506172839,-0.08488612836438923,-0.006787330316742082,-0.09670781893004116
154,2017-09-20,Existing,Home Delivery,Mobile ,1558898.0,-0.04153323151204612,-0.0768993523182893,-0.01960129190332999,-0.13258116963097996
155,2017-09-20,New,Home Delivery,Desktop ,311847.0,-0.06327160493827161,-0.15015297717109907,-0.02076986984214899,-0.2204585537918871
156,2017-09-20,New,Store Collection,Mobile ,2965.0,-0.1774193548387097,-0.0392156862745098,-0.04081632653061224,-0.24193548387096775
157,2017-09-20,Existing,Home Delivery,Desktop ,1685574.0,-0.05090603861156372,-0.03220268442409739,-0.051497070364994894,-0.1287710462647509
158,2017-09-20,New,Home Delivery,Mobile ,18239.0,-0.1271393643031785,-0.23529411764705882,-0.07692307692307693,-0.38386308068459657
159,2017-09-20,Existing,Store Collection,Desktop ,358445.0,-0.07804593226936551,-0.05235381042854127,-0.07885943417242147,-0.19521214480342547
160,2017-09-21,Existing,Home Delivery,Mobile ,1551763.28,-0.13070591169867798,-0.05853658536585366,-0.013044803413593417,-0.19226739835370416
161,2017-09-21,Existing,Store Collection,Desktop ,340187.88,-0.1114727420667209,-0.12133699633699634,-0.027357998957790515,-0.24064279902359642
162,2017-09-21,Existing,Home Delivery,Desktop ,1541537.96,-0.1504054928105876,-0.02600140548137737,-0.0382996632996633,-0.20418926314742028
163,2017-09-21,Existing,Store Collection,Mobile ,329021.62,-0.1426042486231314,-0.11264051387933012,-0.039038262668045505,-0.268882769472856
164,2017-09-21,New,Home Delivery,Desktop ,284648.92,-0.13508109309042435,-0.12124325712817878,-0.043846828412744815,-0.2732726060875361
165,2017-09-21,New,Store Collection,Desktop ,32987.42,-0.12753036437246965,-0.058004640371229696,-0.04926108374384237,-0.21862348178137653
166,2017-09-21,New,Home Delivery,Mobile ,16628.6,-0.18925831202046037,-0.1892744479495268,-0.058365758754863814,-0.38107416879795397
167,2017-09-21,New,Store Collection,Mobile ,2757.02,-0.25,-0.022222222222222223,-0.09090909090909091,-0.3333333333333333
168,2017-09-22,Existing,Store Collection,Desktop ,357858.0,-0.15176151761517614,-0.13235965312642628,-0.015255128879537085,-0.27526132404181186
169,2017-09-22,New,Home Delivery,Desktop ,289155.28,-0.16068262411347517,-0.1291259572220755,-0.014251061249241965,-0.27947695035460995
170,2017-09-22,Existing,Store Collection,Mobile ,328238.6,-0.18416896960126333,-0.06847326397290104,-0.036883116883116886,-0.26806158705092775
171,2017-09-22,Existing,Home Delivery,Mobile ,1520031.7,-0.1442370251739152,-0.028364231826422597,-0.042735042735042736,-0.2040438416495671
172,2017-09-22,Existing,Home Delivery,Desktop ,1590664.24,-0.10479911832481716,-0.03917179630665921,-0.04356435643564356,-0.17733694018635407
173,2017-09-22,New,Store Collection,Desktop ,32663.12,-0.11960784313725491,-0.08908685968819599,-0.04645476772616137,-0.23529411764705882
174,2017-09-22,New,Store Collection,Mobile ,2854.78,-0.25806451612903225,-0.043478260869565216,-0.09090909090909091,-0.3548387096774194
175,2017-09-22,New,Home Delivery,Mobile ,16849.5,-0.1760204081632653,-0.19814241486068113,-0.1274131274131274,-0.42346938775510207
176,2017-09-23,Existing,Home Delivery,Mobile ,1499865.88,-0.12032511960491794,-0.08760233918128656,-0.009742340725548007,-0.20520602911672411
177,2017-09-23,New,Store Collection,Desktop ,31992.9,-0.137524557956778,-0.09567198177676538,-0.02518891687657431,-0.23968565815324164
178,2017-09-23,Existing,Home Delivery,Desktop ,1632545.0,-0.10863647611977233,-0.09339255968906163,-0.033623223909848114,-0.21905468943330858
179,2017-09-23,New,Store Collection,Mobile ,2739.16,-0.22413793103448276,-0.044444444444444446,-0.046511627906976744,-0.29310344827586204
180,2017-09-23,New,Home Delivery,Mobile ,16933.16,-0.21553884711779447,-0.19488817891373802,-0.04365079365079365,-0.39598997493734334
181,2017-09-23,Existing,Store Collection,Desktop ,360198.6,-0.16003898635477584,-0.07240659085634718,-0.04303227420565424,-0.2543859649122807
182,2017-09-23,Existing,Store Collection,Mobile ,340364.6,-0.14665592264302982,-0.08616619452313504,-0.018858176181865152,-0.23489121676067687
183,2017-09-23,New,Home Delivery,Desktop ,292486.64,-0.15951187622575724,-0.10344827586206896,-0.09600925390399075,-0.31880584005229895
184,2017-09-24,Existing,Store Collection,Mobile ,340988.76,-0.16583316663332667,-0.08081534772182254,-0.010696582311505349,-0.24144828965793158
185,2017-09-24,Existing,Home Delivery,Mobile ,1464108.28,-0.14086349760139555,-0.10998307952622674,-0.00652724968314322,-0.24034501138731404
186,2017-09-24,New,Store Collection,Desktop ,32143.3,-0.15414258188824662,-0.0979498861047836,-0.015151515151515152,-0.24855491329479767
187,2017-09-24,Existing,Home Delivery,Desktop ,1559010.68,-0.11532225374949331,-0.03699885452462772,-0.02075651243011776,-0.16573773814349413
188,2017-09-24,New,Home Delivery,Desktop ,278371.6,-0.1412590480368502,-0.18160919540229886,-0.027153558052434457,-0.3162974336477298
189,2017-09-24,Existing,Store Collection,Desktop ,346539.46,-0.1630499701373681,-0.09134157944814462,-0.026963350785340314,-0.2600039816842524
190,2017-09-24,New,Store Collection,Mobile ,2843.5,-0.25806451612903225,-0.043478260869565216,-0.045454545454545456,-0.3225806451612903
191,2017-09-24,New,Home Delivery,Mobile ,17430.42,-0.22391857506361323,-0.18688524590163935,-0.05241935483870968,-0.4020356234096692
192,2017-09-25,New,Store Collection,Desktop ,32074.68,-0.11422845691382766,-0.1085972850678733,-0.017766497461928935,-0.22444889779559118
193,2017-09-25,Existing,Home Delivery,Mobile ,1470504.98,-0.14746588693957116,-0.06813764719332342,-0.032756716967243284,-0.23157894736842105
194,2017-09-25,Existing,Home Delivery,Desktop ,1615483.06,-0.14571567672833496,-0.05881347238844247,-0.04819860732667272,-0.23471275559883154
195,2017-09-25,Existing,Store Collection,Desktop ,342118.64,-0.1535829307568438,-0.038763376932223544,-0.049233052944087086,-0.22644927536231885
196,2017-09-25,Existing,Store Collection,Mobile ,325412.96,-0.1257760865211296,-0.1108820160366552,-0.053336768874001544,-0.26416983777288205
197,2017-09-25,New,Home Delivery,Mobile ,17185.08,-0.17135549872122763,-0.23148148148148148,-0.0642570281124498,-0.4040920716112532
198,2017-09-25,New,Home Delivery,Desktop ,278649.84,-0.14089121887287026,-0.12331553521484871,-0.07569605568445475,-0.3038444735692442
199,2017-09-25,New,Store Collection,Mobile ,2765.48,-0.19672131147540983,-0.08163265306122448,-0.08888888888888889,-0.32786885245901637
200,2017-09-26,Existing,Store Collection,Desktop ,358955.92,-0.16186252771618626,-0.04112554112554113,-0.007524454477050414,-0.20237855271114694
201,2017-09-26,Existing,Store Collection,Mobile ,326323.82,-0.12707296849087893,-0.12562336737117075,-0.020640956002172733,-0.2524875621890547
202,2017-09-26,Existing,Home Delivery,Mobile ,1457955.98,-0.11336442912188197,-0.04231473010064044,-0.021077143539527107,-0.16877915230176435
203,2017-09-26,New,Store Collection,Desktop ,33190.46,-0.15682281059063136,-0.07971014492753623,-0.026246719160104987,-0.24439918533604887
204,2017-09-26,New,Store Collection,Mobile ,2716.6,-0.2903225806451613,-0.022727272727272728,-0.046511627906976744,-0.3387096774193548
205,2017-09-26,New,Home Delivery,Desktop ,281237.66,-0.11749769159741459,-0.09416688464556631,-0.04678024833958995,-0.23799630655586335
206,2017-09-26,Existing,Home Delivery,Desktop ,1531560.8,-0.148839924120823,-0.012629293102462998,-0.08050700312536173,-0.22724840702368793
207,2017-09-26,New,Home Delivery,Mobile ,17065.7,-0.19143576826196473,-0.19003115264797507,-0.13076923076923078,-0.43073047858942065
208,2017-09-27,Existing,Home Delivery,Mobile ,1535797.38,-0.12121510997139757,-0.12328843995510662,-0.015105933559495615,-0.241197356741296
209,2017-09-27,Existing,Home Delivery,Desktop ,1534545.3,-0.12211543152656486,-0.07741469378681783,-0.010782482982952835,-0.1988095818900327
210,2017-09-27,New,Store Collection,Desktop ,32007.0,-0.18058252427184465,-0.05687203791469194,-0.020100502512562814,-0.24271844660194175
211,2017-09-27,New,Store Collection,Mobile ,2816.24,-0.23728813559322035,-0.044444444444444446,-0.023255813953488372,-0.288135593220339
212,2017-09-27,Existing,Store Collection,Mobile ,322007.34,-0.18854694195559019,-0.08449351896303409,-0.021237545883586787,-0.2728866380989482
213,2017-09-27,Existing,Store Collection,Desktop ,343609.48,-0.18117369042930287,-0.012746512746512747,-0.030937880633373934,-0.21662071681764475
214,2017-09-27,New,Home Delivery,Desktop ,284137.56,-0.1384648931530746,-0.15110098709187547,-0.04979129397734049,-0.30505887483645877
215,2017-09-27,New,Home Delivery,Mobile ,17060.06,-0.2210796915167095,-0.18811881188118812,-0.08130081300813008,-0.4190231362467866
216,2017-09-28,Existing,Store Collection,Mobile ,326410.3,-0.18628822706376175,-0.07418324735937117,-0.017245953833908197,-0.25964421347191685
217,2017-09-28,Existing,Store Collection,Desktop ,359798.16,-0.186266771902131,-0.07250242483026188,-0.00784313725490196,-0.2511838989739542
218,2017-09-28,New,Store Collection,Desktop ,33678.32,-0.18590998043052837,-0.07932692307692307,-0.013054830287206266,-0.2602739726027397
219,2017-09-28,New,Home Delivery,Desktop ,288397.64,-0.124,-0.17250126839167934,-0.019313304721030045,-0.2891111111111111
220,2017-09-28,Existing,Home Delivery,Mobile ,1466968.7,-0.15095986038394416,-0.09341098549731643,-0.01939790905655624,-0.24520069808027922
221,2017-09-28,Existing,Home Delivery,Desktop ,1546003.9,-0.12372243141473911,-0.05586249232658073,-0.0255349332072349,-0.19379920778522178
222,2017-09-28,New,Store Collection,Mobile ,2707.2,-0.26229508196721313,-0.044444444444444446,-0.046511627906976744,-0.32786885245901637
223,2017-09-28,New,Home Delivery,Mobile ,17161.58,-0.25183374083129584,-0.14705882352941177,-0.11494252873563218,-0.4352078239608802
224,2017-09-29,New,Store Collection,Desktop ,33871.96,-0.12992125984251968,-0.0746606334841629,-0.017114914425427872,-0.20866141732283464
225,2017-09-29,New,Store Collection,Mobile ,2914.94,-0.25,-0.044444444444444446,-0.023255813953488372,-0.3
226,2017-09-29,New,Home Delivery,Desktop ,283044.34,-0.17082872928176795,-0.08955223880597014,-0.03717798594847775,-0.27314917127071825
227,2017-09-29,Existing,Store Collection,Mobile ,321216.8,-0.17230338202921752,-0.097678916827853,-0.04957127545551983,-0.2901741044626776
228,2017-09-29,Existing,Store Collection,Desktop ,361283.36,-0.1646919431279621,-0.04988179669030733,-0.05847225678029361,-0.2527646129541864
229,2017-09-29,Existing,Home Delivery,Desktop ,1650209.48,-0.13711583924349882,-0.025608051439753983,-0.07459688988351408,-0.22193274472909733
230,2017-09-29,Existing,Home Delivery,Mobile ,1503809.18,-0.1561603863762137,-0.007631312227985453,-0.07906278161610093,-0.22880716405896262
231,2017-09-29,New,Home Delivery,Mobile ,17424.78,-0.2620192307692308,-0.1791530944625407,-0.09126984126984126,-0.4495192307692308
232,2017-09-30,Existing,Home Delivery,Mobile ,1545057.32,-0.16583277205811603,-0.09498817694215353,-0.010578638796839153,-0.2530549408255557
233,2017-09-30,New,Store Collection,Desktop ,33836.24,-0.1285140562248996,-0.08064516129032258,-0.05263157894736842,-0.24096385542168675
234,2017-09-30,New,Home Delivery,Desktop ,283876.24,-0.17560034305317324,-0.15968790637191158,-0.027855153203342618,-0.32654373927958835
235,2017-09-30,New,Home Delivery,Mobile ,16951.02,-0.24087591240875914,-0.21794871794871795,-0.004098360655737705,-0.40875912408759124
236,2017-09-30,Existing,Store Collection,Desktop ,337834.12,-0.133125,-0.0555155010814708,-0.03791348600508906,-0.21229166666666666
237,2017-09-30,Existing,Store Collection,Mobile ,323263.18,-0.1485384768343607,-0.12050443717888837,-0.048858204992033985,-0.2877311592761981
238,2017-09-30,Existing,Home Delivery,Desktop ,1622578.18,-0.15924243888298387,-0.01327433628318584,-0.07291363345175005,-0.2308918736109769
239,2017-09-30,New,Store Collection,Mobile ,2761.72,-0.26229508196721313,-0.022222222222222223,-0.09090909090909091,-0.3442622950819672
